{"Version":1,"ManifestType":"Publish","Endpoints":[{"Route":"modellm.aj3fdtaa86.txt","AssetFile":"modellm.txt","Selectors":[],"ResponseHeaders":[{"Name":"Accept-Ranges","Value":"bytes"},{"Name":"Cache-Control","Value":"max-age=31536000, immutable"},{"Name":"Content-Length","Value":"18"},{"Name":"Content-Type","Value":"text/plain"},{"Name":"ETag","Value":"\"Wl9+WbdkTCqNujIKcLxNeyZE2fWNSFy5Tu59W7/h2HY=\""},{"Name":"Last-Modified","Value":"Thu, 12 Feb 2026 04:16:54 GMT"}],"EndpointProperties":[{"Name":"fingerprint","Value":"aj3fdtaa86"},{"Name":"integrity","Value":"sha256-Wl9+WbdkTCqNujIKcLxNeyZE2fWNSFy5Tu59W7/h2HY="},{"Name":"label","Value":"modellm.txt"}]},{"Route":"modellm.txt","AssetFile":"modellm.txt","Selectors":[],"ResponseHeaders":[{"Name":"Accept-Ranges","Value":"bytes"},{"Name":"Cache-Control","Value":"no-cache"},{"Name":"Content-Length","Value":"18"},{"Name":"Content-Type","Value":"text/plain"},{"Name":"ETag","Value":"\"Wl9+WbdkTCqNujIKcLxNeyZE2fWNSFy5Tu59W7/h2HY=\""},{"Name":"Last-Modified","Value":"Thu, 12 Feb 2026 04:16:54 GMT"}],"EndpointProperties":[{"Name":"integrity","Value":"sha256-Wl9+WbdkTCqNujIKcLxNeyZE2fWNSFy5Tu59W7/h2HY="}]},{"Route":"prompt.91mo70y6tk.txt","AssetFile":"prompt.txt","Selectors":[],"ResponseHeaders":[{"Name":"Accept-Ranges","Value":"bytes"},{"Name":"Cache-Control","Value":"max-age=31536000, immutable"},{"Name":"Content-Length","Value":"1891"},{"Name":"Content-Type","Value":"text/plain"},{"Name":"ETag","Value":"\"jYwHwm/6JUtW/Csp1yqjUVCXGGrJobEQK9hNlb21EVs=\""},{"Name":"Last-Modified","Value":"Thu, 12 Feb 2026 10:22:16 GMT"}],"EndpointProperties":[{"Name":"fingerprint","Value":"91mo70y6tk"},{"Name":"integrity","Value":"sha256-jYwHwm/6JUtW/Csp1yqjUVCXGGrJobEQK9hNlb21EVs="},{"Name":"label","Value":"prompt.txt"}]},{"Route":"prompt.txt","AssetFile":"prompt.txt","Selectors":[],"ResponseHeaders":[{"Name":"Accept-Ranges","Value":"bytes"},{"Name":"Cache-Control","Value":"no-cache"},{"Name":"Content-Length","Value":"1891"},{"Name":"Content-Type","Value":"text/plain"},{"Name":"ETag","Value":"\"jYwHwm/6JUtW/Csp1yqjUVCXGGrJobEQK9hNlb21EVs=\""},{"Name":"Last-Modified","Value":"Thu, 12 Feb 2026 10:22:16 GMT"}],"EndpointProperties":[{"Name":"integrity","Value":"sha256-jYwHwm/6JUtW/Csp1yqjUVCXGGrJobEQK9hNlb21EVs="}]},{"Route":"session.4yjq3ls6gc.txt","AssetFile":"session.txt","Selectors":[],"ResponseHeaders":[{"Name":"Accept-Ranges","Value":"bytes"},{"Name":"Cache-Control","Value":"max-age=31536000, immutable"},{"Name":"Content-Length","Value":"5"},{"Name":"Content-Type","Value":"text/plain"},{"Name":"ETag","Value":"\"hIEltFRzBmmjB31/F0EFKe+E+yARGLweD8xE9zi7fTw=\""},{"Name":"Last-Modified","Value":"Thu, 12 Feb 2026 04:21:04 GMT"}],"EndpointProperties":[{"Name":"fingerprint","Value":"4yjq3ls6gc"},{"Name":"integrity","Value":"sha256-hIEltFRzBmmjB31/F0EFKe+E+yARGLweD8xE9zi7fTw="},{"Name":"label","Value":"session.txt"}]},{"Route":"session.txt","AssetFile":"session.txt","Selectors":[],"ResponseHeaders":[{"Name":"Accept-Ranges","Value":"bytes"},{"Name":"Cache-Control","Value":"no-cache"},{"Name":"Content-Length","Value":"5"},{"Name":"Content-Type","Value":"text/plain"},{"Name":"ETag","Value":"\"hIEltFRzBmmjB31/F0EFKe+E+yARGLweD8xE9zi7fTw=\""},{"Name":"Last-Modified","Value":"Thu, 12 Feb 2026 04:21:04 GMT"}],"EndpointProperties":[{"Name":"integrity","Value":"sha256-hIEltFRzBmmjB31/F0EFKe+E+yARGLweD8xE9zi7fTw="}]}]}