{"Version":1,"ManifestType":"Publish","Endpoints":[{"Route":"OTP.5xl9t6zdhu.txt","AssetFile":"OTP.txt","Selectors":[],"ResponseHeaders":[{"Name":"Accept-Ranges","Value":"bytes"},{"Name":"Cache-Control","Value":"max-age=31536000, immutable"},{"Name":"Content-Length","Value":"7"},{"Name":"Content-Type","Value":"text/plain"},{"Name":"ETag","Value":"\"x6OQCDD8MOy21NQ0KdJKbK7RG9J4Y7AK5ryasDos1V8=\""},{"Name":"Last-Modified","Value":"Fri, 13 Feb 2026 10:14:02 GMT"}],"EndpointProperties":[{"Name":"fingerprint","Value":"5xl9t6zdhu"},{"Name":"integrity","Value":"sha256-x6OQCDD8MOy21NQ0KdJKbK7RG9J4Y7AK5ryasDos1V8="},{"Name":"label","Value":"OTP.txt"}]},{"Route":"OTP.txt","AssetFile":"OTP.txt","Selectors":[],"ResponseHeaders":[{"Name":"Accept-Ranges","Value":"bytes"},{"Name":"Cache-Control","Value":"no-cache"},{"Name":"Content-Length","Value":"7"},{"Name":"Content-Type","Value":"text/plain"},{"Name":"ETag","Value":"\"x6OQCDD8MOy21NQ0KdJKbK7RG9J4Y7AK5ryasDos1V8=\""},{"Name":"Last-Modified","Value":"Fri, 13 Feb 2026 10:14:02 GMT"}],"EndpointProperties":[{"Name":"integrity","Value":"sha256-x6OQCDD8MOy21NQ0KdJKbK7RG9J4Y7AK5ryasDos1V8="}]},{"Route":"modellm.aj3fdtaa86.txt","AssetFile":"modellm.txt","Selectors":[],"ResponseHeaders":[{"Name":"Accept-Ranges","Value":"bytes"},{"Name":"Cache-Control","Value":"max-age=31536000, immutable"},{"Name":"Content-Length","Value":"18"},{"Name":"Content-Type","Value":"text/plain"},{"Name":"ETag","Value":"\"Wl9+WbdkTCqNujIKcLxNeyZE2fWNSFy5Tu59W7/h2HY=\""},{"Name":"Last-Modified","Value":"Thu, 12 Feb 2026 04:16:54 GMT"}],"EndpointProperties":[{"Name":"fingerprint","Value":"aj3fdtaa86"},{"Name":"integrity","Value":"sha256-Wl9+WbdkTCqNujIKcLxNeyZE2fWNSFy5Tu59W7/h2HY="},{"Name":"label","Value":"modellm.txt"}]},{"Route":"modellm.txt","AssetFile":"modellm.txt","Selectors":[],"ResponseHeaders":[{"Name":"Accept-Ranges","Value":"bytes"},{"Name":"Cache-Control","Value":"no-cache"},{"Name":"Content-Length","Value":"18"},{"Name":"Content-Type","Value":"text/plain"},{"Name":"ETag","Value":"\"Wl9+WbdkTCqNujIKcLxNeyZE2fWNSFy5Tu59W7/h2HY=\""},{"Name":"Last-Modified","Value":"Thu, 12 Feb 2026 04:16:54 GMT"}],"EndpointProperties":[{"Name":"integrity","Value":"sha256-Wl9+WbdkTCqNujIKcLxNeyZE2fWNSFy5Tu59W7/h2HY="}]},{"Route":"prompt.gm0s9xpsmp.txt","AssetFile":"prompt.txt","Selectors":[],"ResponseHeaders":[{"Name":"Accept-Ranges","Value":"bytes"},{"Name":"Cache-Control","Value":"max-age=31536000, immutable"},{"Name":"Content-Length","Value":"1953"},{"Name":"Content-Type","Value":"text/plain"},{"Name":"ETag","Value":"\"KE9bA4Y/FLgCrt6uHakLVsLfbfq53psYr8QBV8E5Jpk=\""},{"Name":"Last-Modified","Value":"Fri, 13 Feb 2026 08:39:26 GMT"}],"EndpointProperties":[{"Name":"fingerprint","Value":"gm0s9xpsmp"},{"Name":"integrity","Value":"sha256-KE9bA4Y/FLgCrt6uHakLVsLfbfq53psYr8QBV8E5Jpk="},{"Name":"label","Value":"prompt.txt"}]},{"Route":"prompt.txt","AssetFile":"prompt.txt","Selectors":[],"ResponseHeaders":[{"Name":"Accept-Ranges","Value":"bytes"},{"Name":"Cache-Control","Value":"no-cache"},{"Name":"Content-Length","Value":"1953"},{"Name":"Content-Type","Value":"text/plain"},{"Name":"ETag","Value":"\"KE9bA4Y/FLgCrt6uHakLVsLfbfq53psYr8QBV8E5Jpk=\""},{"Name":"Last-Modified","Value":"Fri, 13 Feb 2026 08:39:26 GMT"}],"EndpointProperties":[{"Name":"integrity","Value":"sha256-KE9bA4Y/FLgCrt6uHakLVsLfbfq53psYr8QBV8E5Jpk="}]},{"Route":"session.4yjq3ls6gc.txt","AssetFile":"session.txt","Selectors":[],"ResponseHeaders":[{"Name":"Accept-Ranges","Value":"bytes"},{"Name":"Cache-Control","Value":"max-age=31536000, immutable"},{"Name":"Content-Length","Value":"5"},{"Name":"Content-Type","Value":"text/plain"},{"Name":"ETag","Value":"\"hIEltFRzBmmjB31/F0EFKe+E+yARGLweD8xE9zi7fTw=\""},{"Name":"Last-Modified","Value":"Thu, 12 Feb 2026 04:21:04 GMT"}],"EndpointProperties":[{"Name":"fingerprint","Value":"4yjq3ls6gc"},{"Name":"integrity","Value":"sha256-hIEltFRzBmmjB31/F0EFKe+E+yARGLweD8xE9zi7fTw="},{"Name":"label","Value":"session.txt"}]},{"Route":"session.txt","AssetFile":"session.txt","Selectors":[],"ResponseHeaders":[{"Name":"Accept-Ranges","Value":"bytes"},{"Name":"Cache-Control","Value":"no-cache"},{"Name":"Content-Length","Value":"5"},{"Name":"Content-Type","Value":"text/plain"},{"Name":"ETag","Value":"\"hIEltFRzBmmjB31/F0EFKe+E+yARGLweD8xE9zi7fTw=\""},{"Name":"Last-Modified","Value":"Thu, 12 Feb 2026 04:21:04 GMT"}],"EndpointProperties":[{"Name":"integrity","Value":"sha256-hIEltFRzBmmjB31/F0EFKe+E+yARGLweD8xE9zi7fTw="}]}]}