{"Version":1,"ManifestType":"Publish","Endpoints":[{"Route":"modellm.bd2w12jpvi.txt","AssetFile":"modellm.txt","Selectors":[],"ResponseHeaders":[{"Name":"Accept-Ranges","Value":"bytes"},{"Name":"Cache-Control","Value":"max-age=31536000, immutable"},{"Name":"Content-Length","Value":"5"},{"Name":"Content-Type","Value":"text/plain"},{"Name":"ETag","Value":"\"AdMwKY+TDBWJP/0bcItoT9to1oyvvuo6MFDsuwBqA4Q=\""},{"Name":"Last-Modified","Value":"Wed, 11 Feb 2026 10:16:06 GMT"}],"EndpointProperties":[{"Name":"fingerprint","Value":"bd2w12jpvi"},{"Name":"integrity","Value":"sha256-AdMwKY+TDBWJP/0bcItoT9to1oyvvuo6MFDsuwBqA4Q="},{"Name":"label","Value":"modellm.txt"}]},{"Route":"modellm.txt","AssetFile":"modellm.txt","Selectors":[],"ResponseHeaders":[{"Name":"Accept-Ranges","Value":"bytes"},{"Name":"Cache-Control","Value":"no-cache"},{"Name":"Content-Length","Value":"5"},{"Name":"Content-Type","Value":"text/plain"},{"Name":"ETag","Value":"\"AdMwKY+TDBWJP/0bcItoT9to1oyvvuo6MFDsuwBqA4Q=\""},{"Name":"Last-Modified","Value":"Wed, 11 Feb 2026 10:16:06 GMT"}],"EndpointProperties":[{"Name":"integrity","Value":"sha256-AdMwKY+TDBWJP/0bcItoT9to1oyvvuo6MFDsuwBqA4Q="}]},{"Route":"prompt.txt","AssetFile":"prompt.txt","Selectors":[],"ResponseHeaders":[{"Name":"Accept-Ranges","Value":"bytes"},{"Name":"Cache-Control","Value":"no-cache"},{"Name":"Content-Length","Value":"8"},{"Name":"Content-Type","Value":"text/plain"},{"Name":"ETag","Value":"\"X2RubvqiMjmEaWCFKFXESUlwkxALLBk5tRhc6bFxruc=\""},{"Name":"Last-Modified","Value":"Wed, 11 Feb 2026 10:13:14 GMT"}],"EndpointProperties":[{"Name":"integrity","Value":"sha256-X2RubvqiMjmEaWCFKFXESUlwkxALLBk5tRhc6bFxruc="}]},{"Route":"prompt.xgwtmv6591.txt","AssetFile":"prompt.txt","Selectors":[],"ResponseHeaders":[{"Name":"Accept-Ranges","Value":"bytes"},{"Name":"Cache-Control","Value":"max-age=31536000, immutable"},{"Name":"Content-Length","Value":"8"},{"Name":"Content-Type","Value":"text/plain"},{"Name":"ETag","Value":"\"X2RubvqiMjmEaWCFKFXESUlwkxALLBk5tRhc6bFxruc=\""},{"Name":"Last-Modified","Value":"Wed, 11 Feb 2026 10:13:14 GMT"}],"EndpointProperties":[{"Name":"fingerprint","Value":"xgwtmv6591"},{"Name":"integrity","Value":"sha256-X2RubvqiMjmEaWCFKFXESUlwkxALLBk5tRhc6bFxruc="},{"Name":"label","Value":"prompt.txt"}]},{"Route":"session.5ipweew5fc.txt","AssetFile":"session.txt","Selectors":[],"ResponseHeaders":[{"Name":"Accept-Ranges","Value":"bytes"},{"Name":"Cache-Control","Value":"max-age=31536000, immutable"},{"Name":"Content-Length","Value":"0"},{"Name":"Content-Type","Value":"text/plain"},{"Name":"ETag","Value":"\"47DEQpj8HBSa+/TImW+5JCeuQeRkm5NMpJWZG3hSuFU=\""},{"Name":"Last-Modified","Value":"Wed, 11 Feb 2026 09:38:30 GMT"}],"EndpointProperties":[{"Name":"fingerprint","Value":"5ipweew5fc"},{"Name":"integrity","Value":"sha256-47DEQpj8HBSa+/TImW+5JCeuQeRkm5NMpJWZG3hSuFU="},{"Name":"label","Value":"session.txt"}]},{"Route":"session.txt","AssetFile":"session.txt","Selectors":[],"ResponseHeaders":[{"Name":"Accept-Ranges","Value":"bytes"},{"Name":"Cache-Control","Value":"no-cache"},{"Name":"Content-Length","Value":"0"},{"Name":"Content-Type","Value":"text/plain"},{"Name":"ETag","Value":"\"47DEQpj8HBSa+/TImW+5JCeuQeRkm5NMpJWZG3hSuFU=\""},{"Name":"Last-Modified","Value":"Wed, 11 Feb 2026 09:38:30 GMT"}],"EndpointProperties":[{"Name":"integrity","Value":"sha256-47DEQpj8HBSa+/TImW+5JCeuQeRkm5NMpJWZG3hSuFU="}]}]}